Code,Country,CountryUrl,Year,CcTLD,CcTLDUrl,Iso,IsoUrl,Notes
AD,Andorra,https://en.wikipedia.org/wiki/Andorra,1974,.ad,https://en.wikipedia.org/wiki/.ad,ISO 3166-2:AD,/wiki/ISO_3166-2:AD,
AE,United Arab Emirates,https://en.wikipedia.org/wiki/United_Arab_Emirates,1974,.ae,https://en.wikipedia.org/wiki/.ae,ISO 3166-2:AE,/wiki/ISO_3166-2:AE,
AF,Afghanistan,https://en.wikipedia.org/wiki/Afghanistan,1974,.af,https://en.wikipedia.org/wiki/.af,ISO 3166-2:AF,/wiki/ISO_3166-2:AF,
AG,Antigua and Barbuda,https://en.wikipedia.org/wiki/Antigua_and_Barbuda,1974,.ag,https://en.wikipedia.org/wiki/.ag,ISO 3166-2:AG,/wiki/ISO_3166-2:AG,
AI,Anguilla,https://en.wikipedia.org/wiki/Anguilla,1985,.ai,https://en.wikipedia.org/wiki/.ai,ISO 3166-2:AI,/wiki/ISO_3166-2:AI,AI previously represented French Afars and Issas
AL,Albania,https://en.wikipedia.org/wiki/Albania,1974,.al,https://en.wikipedia.org/wiki/.al,ISO 3166-2:AL,/wiki/ISO_3166-2:AL,
AM,Armenia,https://en.wikipedia.org/wiki/Armenia,1992,.am,https://en.wikipedia.org/wiki/.am,ISO 3166-2:AM,/wiki/ISO_3166-2:AM,
AO,Angola,https://en.wikipedia.org/wiki/Angola,1974,.ao,https://en.wikipedia.org/wiki/.ao,ISO 3166-2:AO,/wiki/ISO_3166-2:AO,
AQ,Antarctica,https://en.wikipedia.org/wiki/Antarctica,1974,.aq,https://en.wikipedia.org/wiki/.aq,ISO 3166-2:AQ,/wiki/ISO_3166-2:AQ,Covers the territories south of 60° south latitude Code taken from name in French: Antarctique
AR,Argentina,https://en.wikipedia.org/wiki/Argentina,1974,.ar,https://en.wikipedia.org/wiki/.ar,ISO 3166-2:AR,/wiki/ISO_3166-2:AR,
AS,American Samoa,https://en.wikipedia.org/wiki/American_Samoa,1974,.as,https://en.wikipedia.org/wiki/.as,ISO 3166-2:AS,/wiki/ISO_3166-2:AS,
AT,Austria,https://en.wikipedia.org/wiki/Austria,1974,.at,https://en.wikipedia.org/wiki/.at,ISO 3166-2:AT,/wiki/ISO_3166-2:AT,
AU,Australia,https://en.wikipedia.org/wiki/Australia,1974,.au,https://en.wikipedia.org/wiki/.au,ISO 3166-2:AU,/wiki/ISO_3166-2:AU,Includes the Ashmore and Cartier Islands and the Coral Sea Islands
AW,Aruba,https://en.wikipedia.org/wiki/Aruba,1986,.aw,https://en.wikipedia.org/wiki/.aw,ISO 3166-2:AW,/wiki/ISO_3166-2:AW,
AX,Åland Islands,https://en.wikipedia.org/wiki/%C3%85land_Islands,2004,.ax,https://en.wikipedia.org/wiki/.ax,ISO 3166-2:AX,/wiki/ISO_3166-2:AX,An autonomous province of Finland
AZ,Azerbaijan,https://en.wikipedia.org/wiki/Azerbaijan,1992,.az,https://en.wikipedia.org/wiki/.az,ISO 3166-2:AZ,/wiki/ISO_3166-2:AZ,
BA,Bosnia and Herzegovina,https://en.wikipedia.org/wiki/Bosnia_and_Herzegovina,1992,.ba,https://en.wikipedia.org/wiki/.ba,ISO 3166-2:BA,/wiki/ISO_3166-2:BA,
BB,Barbados,https://en.wikipedia.org/wiki/Barbados,1974,.bb,https://en.wikipedia.org/wiki/.bb,ISO 3166-2:BB,/wiki/ISO_3166-2:BB,
BD,Bangladesh,https://en.wikipedia.org/wiki/Bangladesh,1974,.bd,https://en.wikipedia.org/wiki/.bd,ISO 3166-2:BD,/wiki/ISO_3166-2:BD,
BE,Belgium,https://en.wikipedia.org/wiki/Belgium,1974,.be,https://en.wikipedia.org/wiki/.be,ISO 3166-2:BE,/wiki/ISO_3166-2:BE,
BF,Burkina Faso,https://en.wikipedia.org/wiki/Burkina_Faso,1984,.bf,https://en.wikipedia.org/wiki/.bf,ISO 3166-2:BF,/wiki/ISO_3166-2:BF,Name changed from Upper Volta (HV)
BG,Bulgaria,https://en.wikipedia.org/wiki/Bulgaria,1974,.bg,https://en.wikipedia.org/wiki/.bg,ISO 3166-2:BG,/wiki/ISO_3166-2:BG,
BH,Bahrain,https://en.wikipedia.org/wiki/Bahrain,1974,.bh,https://en.wikipedia.org/wiki/.bh,ISO 3166-2:BH,/wiki/ISO_3166-2:BH,
BI,Burundi,https://en.wikipedia.org/wiki/Burundi,1974,.bi,https://en.wikipedia.org/wiki/.bi,ISO 3166-2:BI,/wiki/ISO_3166-2:BI,
BJ,Benin,https://en.wikipedia.org/wiki/Benin,1977,.bj,https://en.wikipedia.org/wiki/.bj,ISO 3166-2:BJ,/wiki/ISO_3166-2:BJ,Name changed from Dahomey (DY)
BL,Saint Barthélemy,https://en.wikipedia.org/wiki/Saint_Barth%C3%A9lemy,2007,.bl,https://en.wikipedia.org/wiki/.bl,ISO 3166-2:BL,/wiki/ISO_3166-2:BL,
BM,Bermuda,https://en.wikipedia.org/wiki/Bermuda,1974,.bm,https://en.wikipedia.org/wiki/.bm,ISO 3166-2:BM,/wiki/ISO_3166-2:BM,
BN,Brunei Darussalam,https://en.wikipedia.org/wiki/Brunei,1974,.bn,https://en.wikipedia.org/wiki/.bn,ISO 3166-2:BN,/wiki/ISO_3166-2:BN,ISO country name follows UN designation (common name: Brunei)
BO,Bolivia (Plurinational State of),https://en.wikipedia.org/wiki/Bolivia,1974,.bo,https://en.wikipedia.org/wiki/.bo,ISO 3166-2:BO,/wiki/ISO_3166-2:BO,ISO country name follows UN designation (common name and previous ISO country name: Bolivia)
BQ,"Bonaire, Sint Eustatius and Saba",https://en.wikipedia.org/wiki/Caribbean_Netherlands,2010,.bq,https://en.wikipedia.org/wiki/.bq,ISO 3166-2:BQ,/wiki/ISO_3166-2:BQ,"Consists of three Caribbean ""special municipalities"", which are part of the Netherlands proper: Bonaire, Sint Eustatius, and Saba (the BES Islands) Previous ISO country name: Bonaire, Saint Eustatius and Saba BQ previously represented British Antarctic Territory"
BR,Brazil,https://en.wikipedia.org/wiki/Brazil,1974,.br,https://en.wikipedia.org/wiki/.br,ISO 3166-2:BR,/wiki/ISO_3166-2:BR,
BS,Bahamas,https://en.wikipedia.org/wiki/The_Bahamas,1974,.bs,https://en.wikipedia.org/wiki/.bs,ISO 3166-2:BS,/wiki/ISO_3166-2:BS,
BT,Bhutan,https://en.wikipedia.org/wiki/Bhutan,1974,.bt,https://en.wikipedia.org/wiki/.bt,ISO 3166-2:BT,/wiki/ISO_3166-2:BT,
BV,Bouvet Island,https://en.wikipedia.org/wiki/Bouvet_Island,1974,.bv,https://en.wikipedia.org/wiki/.bv,ISO 3166-2:BV,/wiki/ISO_3166-2:BV,Belongs to Norway
BW,Botswana,https://en.wikipedia.org/wiki/Botswana,1974,.bw,https://en.wikipedia.org/wiki/.bw,ISO 3166-2:BW,/wiki/ISO_3166-2:BW,
BY,Belarus,https://en.wikipedia.org/wiki/Belarus,1974,.by,https://en.wikipedia.org/wiki/.by,ISO 3166-2:BY,/wiki/ISO_3166-2:BY,Code taken from previous ISO country name: Byelorussian SSR (now assigned ISO 3166-3 code BYAA) Code assigned as the country was already a UN member since 1945&#91;14&#93;
BZ,Belize,https://en.wikipedia.org/wiki/Belize,1974,.bz,https://en.wikipedia.org/wiki/.bz,ISO 3166-2:BZ,/wiki/ISO_3166-2:BZ,
CA,Canada,https://en.wikipedia.org/wiki/Canada,1974,.ca,https://en.wikipedia.org/wiki/.ca,ISO 3166-2:CA,/wiki/ISO_3166-2:CA,
CC,Cocos (Keeling) Islands,https://en.wikipedia.org/wiki/Cocos_(Keeling)_Islands,1974,.cc,https://en.wikipedia.org/wiki/.cc,ISO 3166-2:CC,/wiki/ISO_3166-2:CC,
CD,"Congo, Democratic Republic of the",https://en.wikipedia.org/wiki/Democratic_Republic_of_the_Congo,1997,.cd,https://en.wikipedia.org/wiki/.cd,ISO 3166-2:CD,/wiki/ISO_3166-2:CD,Name changed from Zaire (ZR)
CF,Central African Republic,https://en.wikipedia.org/wiki/Central_African_Republic,1974,.cf,https://en.wikipedia.org/wiki/.cf,ISO 3166-2:CF,/wiki/ISO_3166-2:CF,
CG,Congo,https://en.wikipedia.org/wiki/Republic_of_the_Congo,1974,.cg,https://en.wikipedia.org/wiki/.cg,ISO 3166-2:CG,/wiki/ISO_3166-2:CG,
CH,Switzerland,https://en.wikipedia.org/wiki/Switzerland,1974,.ch,https://en.wikipedia.org/wiki/.ch,ISO 3166-2:CH,/wiki/ISO_3166-2:CH,Code taken from name in Latin: Confoederatio Helvetica
CI,Côte d'Ivoire,https://en.wikipedia.org/wiki/Ivory_Coast,1974,.ci,https://en.wikipedia.org/wiki/.ci,ISO 3166-2:CI,/wiki/ISO_3166-2:CI,ISO country name follows UN designation (common name: Ivory Coast)
CK,Cook Islands,https://en.wikipedia.org/wiki/Cook_Islands,1974,.ck,https://en.wikipedia.org/wiki/.ck,ISO 3166-2:CK,/wiki/ISO_3166-2:CK,
CL,Chile,https://en.wikipedia.org/wiki/Chile,1974,.cl,https://en.wikipedia.org/wiki/.cl,ISO 3166-2:CL,/wiki/ISO_3166-2:CL,
CM,Cameroon,https://en.wikipedia.org/wiki/Cameroon,1974,.cm,https://en.wikipedia.org/wiki/.cm,ISO 3166-2:CM,/wiki/ISO_3166-2:CM,
CN,China,https://en.wikipedia.org/wiki/China,1974,.cn,https://en.wikipedia.org/wiki/.cn,ISO 3166-2:CN,/wiki/ISO_3166-2:CN,
CO,Colombia,https://en.wikipedia.org/wiki/Colombia,1974,.co,https://en.wikipedia.org/wiki/.co,ISO 3166-2:CO,/wiki/ISO_3166-2:CO,
CR,Costa Rica,https://en.wikipedia.org/wiki/Costa_Rica,1974,.cr,https://en.wikipedia.org/wiki/.cr,ISO 3166-2:CR,/wiki/ISO_3166-2:CR,
CU,Cuba,https://en.wikipedia.org/wiki/Cuba,1974,.cu,https://en.wikipedia.org/wiki/.cu,ISO 3166-2:CU,/wiki/ISO_3166-2:CU,
CV,Cabo Verde,https://en.wikipedia.org/wiki/Cabo_Verde,1974,.cv,https://en.wikipedia.org/wiki/.cv,ISO 3166-2:CV,/wiki/ISO_3166-2:CV,
CW,Curaçao,https://en.wikipedia.org/wiki/Cura%C3%A7ao,2010,.cw,https://en.wikipedia.org/wiki/.cw,ISO 3166-2:CW,/wiki/ISO_3166-2:CW,
CX,Christmas Island,https://en.wikipedia.org/wiki/Christmas_Island,1974,.cx,https://en.wikipedia.org/wiki/.cx,ISO 3166-2:CX,/wiki/ISO_3166-2:CX,
CY,Cyprus,https://en.wikipedia.org/wiki/Cyprus,1974,.cy,https://en.wikipedia.org/wiki/.cy,ISO 3166-2:CY,/wiki/ISO_3166-2:CY,
CZ,Czechia,https://en.wikipedia.org/wiki/Czech_Republic,1993,.cz,https://en.wikipedia.org/wiki/.cz,ISO 3166-2:CZ,/wiki/ISO_3166-2:CZ,Previous ISO country name: Czech Republic
DE,Germany,https://en.wikipedia.org/wiki/Germany,1974,.de,https://en.wikipedia.org/wiki/.de,ISO 3166-2:DE,/wiki/ISO_3166-2:DE,"Code taken from name in German: Deutschland Code used for West Germany before 1990 (previous ISO country name: Germany, Federal Republic of)"
DJ,Djibouti,https://en.wikipedia.org/wiki/Djibouti,1977,.dj,https://en.wikipedia.org/wiki/.dj,ISO 3166-2:DJ,/wiki/ISO_3166-2:DJ,Name changed from French Afars and Issas (AI)
DK,Denmark,https://en.wikipedia.org/wiki/Denmark,1974,.dk,https://en.wikipedia.org/wiki/.dk,ISO 3166-2:DK,/wiki/ISO_3166-2:DK,
DM,Dominica,https://en.wikipedia.org/wiki/Dominica,1974,.dm,https://en.wikipedia.org/wiki/.dm,ISO 3166-2:DM,/wiki/ISO_3166-2:DM,
DO,Dominican Republic,https://en.wikipedia.org/wiki/Dominican_Republic,1974,.do,https://en.wikipedia.org/wiki/.do,ISO 3166-2:DO,/wiki/ISO_3166-2:DO,
DZ,Algeria,https://en.wikipedia.org/wiki/Algeria,1974,.dz,https://en.wikipedia.org/wiki/.dz,ISO 3166-2:DZ,/wiki/ISO_3166-2:DZ,Code taken from name in Kabyle: Dzayer
EC,Ecuador,https://en.wikipedia.org/wiki/Ecuador,1974,.ec,https://en.wikipedia.org/wiki/.ec,ISO 3166-2:EC,/wiki/ISO_3166-2:EC,
EE,Estonia,https://en.wikipedia.org/wiki/Estonia,1992,.ee,https://en.wikipedia.org/wiki/.ee,ISO 3166-2:EE,/wiki/ISO_3166-2:EE,Code taken from name in Estonian: Eesti
EG,Egypt,https://en.wikipedia.org/wiki/Egypt,1974,.eg,https://en.wikipedia.org/wiki/.eg,ISO 3166-2:EG,/wiki/ISO_3166-2:EG,
EH,Western Sahara,https://en.wikipedia.org/wiki/Western_Sahara,1974,,https://en.wikipedia.org,ISO 3166-2:EH,/wiki/ISO_3166-2:EH,Previous ISO country name: Spanish Sahara (code taken from name in Spanish: Sahara español).eh ccTLD has not been implemented.&#91;15&#93;
ER,Eritrea,https://en.wikipedia.org/wiki/Eritrea,1993,.er,https://en.wikipedia.org/wiki/.er,ISO 3166-2:ER,/wiki/ISO_3166-2:ER,
ES,Spain,https://en.wikipedia.org/wiki/Spain,1974,.es,https://en.wikipedia.org/wiki/.es,ISO 3166-2:ES,/wiki/ISO_3166-2:ES,Code taken from name in Spanish: España
ET,Ethiopia,https://en.wikipedia.org/wiki/Ethiopia,1974,.et,https://en.wikipedia.org/wiki/.et,ISO 3166-2:ET,/wiki/ISO_3166-2:ET,
FI,Finland,https://en.wikipedia.org/wiki/Finland,1974,.fi,https://en.wikipedia.org/wiki/.fi,ISO 3166-2:FI,/wiki/ISO_3166-2:FI,
FJ,Fiji,https://en.wikipedia.org/wiki/Fiji,1974,.fj,https://en.wikipedia.org/wiki/.fj,ISO 3166-2:FJ,/wiki/ISO_3166-2:FJ,
FK,Falkland Islands (Malvinas),https://en.wikipedia.org/wiki/Falkland_Islands,1974,.fk,https://en.wikipedia.org/wiki/.fk,ISO 3166-2:FK,/wiki/ISO_3166-2:FK,ISO country name follows UN designation due to the Falkland Islands sovereignty dispute (local common name: Falkland Islands)&#91;16&#93;
FM,Micronesia (Federated States of),https://en.wikipedia.org/wiki/Federated_States_of_Micronesia,1986,.fm,https://en.wikipedia.org/wiki/.fm,ISO 3166-2:FM,/wiki/ISO_3166-2:FM,Previous ISO country name: Micronesia
FO,Faroe Islands,https://en.wikipedia.org/wiki/Faroe_Islands,1974,.fo,https://en.wikipedia.org/wiki/.fo,ISO 3166-2:FO,/wiki/ISO_3166-2:FO,Code taken from name in Faroese: Føroyar
FR,France,https://en.wikipedia.org/wiki/France,1974,.fr,https://en.wikipedia.org/wiki/.fr,ISO 3166-2:FR,/wiki/ISO_3166-2:FR,Includes Clipperton Island
GA,Gabon,https://en.wikipedia.org/wiki/Gabon,1974,.ga,https://en.wikipedia.org/wiki/.ga,ISO 3166-2:GA,/wiki/ISO_3166-2:GA,
GB,United Kingdom of Great Britain and Northern Ireland,https://en.wikipedia.org/wiki/United_Kingdom,1974,.gb,https://en.wikipedia.org/wiki/.gb,ISO 3166-2:GB,/wiki/ISO_3166-2:GB,"Code taken from Great Britain (from official name: United Kingdom of Great Britain and Northern Ireland)&#91;17&#93; .uk is the primary ccTLD of the United Kingdom instead of .gb (see code UK, which is exceptionally reserved)"
GD,Grenada,https://en.wikipedia.org/wiki/Grenada,1974,.gd,https://en.wikipedia.org/wiki/.gd,ISO 3166-2:GD,/wiki/ISO_3166-2:GD,
GE,Georgia,https://en.wikipedia.org/wiki/Georgia_(country),1992,.ge,https://en.wikipedia.org/wiki/.ge,ISO 3166-2:GE,/wiki/ISO_3166-2:GE,GE previously represented Gilbert and Ellice Islands
GF,French Guiana,https://en.wikipedia.org/wiki/French_Guiana,1974,.gf,https://en.wikipedia.org/wiki/.gf,ISO 3166-2:GF,/wiki/ISO_3166-2:GF,Code taken from name in French: Guyane française
GG,Guernsey,https://en.wikipedia.org/wiki/Guernsey,2006,.gg,https://en.wikipedia.org/wiki/.gg,ISO 3166-2:GG,/wiki/ISO_3166-2:GG,a British Crown dependency
GH,Ghana,https://en.wikipedia.org/wiki/Ghana,1974,.gh,https://en.wikipedia.org/wiki/.gh,ISO 3166-2:GH,/wiki/ISO_3166-2:GH,
GI,Gibraltar,https://en.wikipedia.org/wiki/Gibraltar,1974,.gi,https://en.wikipedia.org/wiki/.gi,ISO 3166-2:GI,/wiki/ISO_3166-2:GI,
GL,Greenland,https://en.wikipedia.org/wiki/Greenland,1974,.gl,https://en.wikipedia.org/wiki/.gl,ISO 3166-2:GL,/wiki/ISO_3166-2:GL,
GM,Gambia,https://en.wikipedia.org/wiki/The_Gambia,1974,.gm,https://en.wikipedia.org/wiki/.gm,ISO 3166-2:GM,/wiki/ISO_3166-2:GM,
GN,Guinea,https://en.wikipedia.org/wiki/Guinea,1974,.gn,https://en.wikipedia.org/wiki/.gn,ISO 3166-2:GN,/wiki/ISO_3166-2:GN,
GP,Guadeloupe,https://en.wikipedia.org/wiki/Guadeloupe,1974,.gp,https://en.wikipedia.org/wiki/.gp,ISO 3166-2:GP,/wiki/ISO_3166-2:GP,
GQ,Equatorial Guinea,https://en.wikipedia.org/wiki/Equatorial_Guinea,1974,.gq,https://en.wikipedia.org/wiki/.gq,ISO 3166-2:GQ,/wiki/ISO_3166-2:GQ,Code taken from name in French: Guinée équatoriale
GR,Greece,https://en.wikipedia.org/wiki/Greece,1974,.gr,https://en.wikipedia.org/wiki/.gr,ISO 3166-2:GR,/wiki/ISO_3166-2:GR,
GS,South Georgia and the South Sandwich Islands,https://en.wikipedia.org/wiki/South_Georgia_and_the_South_Sandwich_Islands,1993,.gs,https://en.wikipedia.org/wiki/.gs,ISO 3166-2:GS,/wiki/ISO_3166-2:GS,
GT,Guatemala,https://en.wikipedia.org/wiki/Guatemala,1974,.gt,https://en.wikipedia.org/wiki/.gt,ISO 3166-2:GT,/wiki/ISO_3166-2:GT,
GU,Guam,https://en.wikipedia.org/wiki/Guam,1974,.gu,https://en.wikipedia.org/wiki/.gu,ISO 3166-2:GU,/wiki/ISO_3166-2:GU,
GW,Guinea-Bissau,https://en.wikipedia.org/wiki/Guinea-Bissau,1974,.gw,https://en.wikipedia.org/wiki/.gw,ISO 3166-2:GW,/wiki/ISO_3166-2:GW,
GY,Guyana,https://en.wikipedia.org/wiki/Guyana,1974,.gy,https://en.wikipedia.org/wiki/.gy,ISO 3166-2:GY,/wiki/ISO_3166-2:GY,
HK,Hong Kong,https://en.wikipedia.org/wiki/Hong_Kong,1974,.hk,https://en.wikipedia.org/wiki/.hk,ISO 3166-2:HK,/wiki/ISO_3166-2:HK,
HM,Heard Island and McDonald Islands,https://en.wikipedia.org/wiki/Heard_Island_and_McDonald_Islands,1974,.hm,https://en.wikipedia.org/wiki/.hm,ISO 3166-2:HM,/wiki/ISO_3166-2:HM,
HN,Honduras,https://en.wikipedia.org/wiki/Honduras,1974,.hn,https://en.wikipedia.org/wiki/.hn,ISO 3166-2:HN,/wiki/ISO_3166-2:HN,
HR,Croatia,https://en.wikipedia.org/wiki/Croatia,1992,.hr,https://en.wikipedia.org/wiki/.hr,ISO 3166-2:HR,/wiki/ISO_3166-2:HR,Code taken from name in Croatian: Hrvatska
HT,Haiti,https://en.wikipedia.org/wiki/Haiti,1974,.ht,https://en.wikipedia.org/wiki/.ht,ISO 3166-2:HT,/wiki/ISO_3166-2:HT,
HU,Hungary,https://en.wikipedia.org/wiki/Hungary,1974,.hu,https://en.wikipedia.org/wiki/.hu,ISO 3166-2:HU,/wiki/ISO_3166-2:HU,
ID,Indonesia,https://en.wikipedia.org/wiki/Indonesia,1974,.id,https://en.wikipedia.org/wiki/.id,ISO 3166-2:ID,/wiki/ISO_3166-2:ID,
IE,Ireland,https://en.wikipedia.org/wiki/Republic_of_Ireland,1974,.ie,https://en.wikipedia.org/wiki/.ie,ISO 3166-2:IE,/wiki/ISO_3166-2:IE,
IL,Israel,https://en.wikipedia.org/wiki/Israel,1974,.il,https://en.wikipedia.org/wiki/.il,ISO 3166-2:IL,/wiki/ISO_3166-2:IL,
IM,Isle of Man,https://en.wikipedia.org/wiki/Isle_of_Man,2006,.im,https://en.wikipedia.org/wiki/.im,ISO 3166-2:IM,/wiki/ISO_3166-2:IM,a British Crown dependency
IN,India,https://en.wikipedia.org/wiki/India,1974,.in,https://en.wikipedia.org/wiki/.in,ISO 3166-2:IN,/wiki/ISO_3166-2:IN,
IO,British Indian Ocean Territory,https://en.wikipedia.org/wiki/British_Indian_Ocean_Territory,1974,.io,https://en.wikipedia.org/wiki/.io,ISO 3166-2:IO,/wiki/ISO_3166-2:IO,
IQ,Iraq,https://en.wikipedia.org/wiki/Iraq,1974,.iq,https://en.wikipedia.org/wiki/.iq,ISO 3166-2:IQ,/wiki/ISO_3166-2:IQ,
IR,Iran (Islamic Republic of),https://en.wikipedia.org/wiki/Iran,1974,.ir,https://en.wikipedia.org/wiki/.ir,ISO 3166-2:IR,/wiki/ISO_3166-2:IR,ISO country name follows UN designation (common name: Iran)
IS,Iceland,https://en.wikipedia.org/wiki/Iceland,1974,.is,https://en.wikipedia.org/wiki/.is,ISO 3166-2:IS,/wiki/ISO_3166-2:IS,Code taken from name in Icelandic: Ísland
IT,Italy,https://en.wikipedia.org/wiki/Italy,1974,.it,https://en.wikipedia.org/wiki/.it,ISO 3166-2:IT,/wiki/ISO_3166-2:IT,
JE,Jersey,https://en.wikipedia.org/wiki/Jersey,2006,.je,https://en.wikipedia.org/wiki/.je,ISO 3166-2:JE,/wiki/ISO_3166-2:JE,a British Crown dependency
JM,Jamaica,https://en.wikipedia.org/wiki/Jamaica,1974,.jm,https://en.wikipedia.org/wiki/.jm,ISO 3166-2:JM,/wiki/ISO_3166-2:JM,
JO,Jordan,https://en.wikipedia.org/wiki/Jordan,1974,.jo,https://en.wikipedia.org/wiki/.jo,ISO 3166-2:JO,/wiki/ISO_3166-2:JO,
JP,Japan,https://en.wikipedia.org/wiki/Japan,1974,.jp,https://en.wikipedia.org/wiki/.jp,ISO 3166-2:JP,/wiki/ISO_3166-2:JP,
KE,Kenya,https://en.wikipedia.org/wiki/Kenya,1974,.ke,https://en.wikipedia.org/wiki/.ke,ISO 3166-2:KE,/wiki/ISO_3166-2:KE,
KG,Kyrgyzstan,https://en.wikipedia.org/wiki/Kyrgyzstan,1992,.kg,https://en.wikipedia.org/wiki/.kg,ISO 3166-2:KG,/wiki/ISO_3166-2:KG,
KH,Cambodia,https://en.wikipedia.org/wiki/Cambodia,1974,.kh,https://en.wikipedia.org/wiki/.kh,ISO 3166-2:KH,/wiki/ISO_3166-2:KH,Code taken from former name: Khmer Republic Previous ISO country name: Kampuchea
KI,Kiribati,https://en.wikipedia.org/wiki/Kiribati,1979,.ki,https://en.wikipedia.org/wiki/.ki,ISO 3166-2:KI,/wiki/ISO_3166-2:KI,
KM,Comoros,https://en.wikipedia.org/wiki/Comoros,1974,.km,https://en.wikipedia.org/wiki/.km,ISO 3166-2:KM,/wiki/ISO_3166-2:KM,Code taken from name in Comorian: Komori
KN,Saint Kitts and Nevis,https://en.wikipedia.org/wiki/Saint_Kitts_and_Nevis,1974,.kn,https://en.wikipedia.org/wiki/.kn,ISO 3166-2:KN,/wiki/ISO_3166-2:KN,Previous ISO country name: Saint Kitts-Nevis-Anguilla
KP,Korea (Democratic People's Republic of),https://en.wikipedia.org/wiki/North_Korea,1974,.kp,https://en.wikipedia.org/wiki/.kp,ISO 3166-2:KP,/wiki/ISO_3166-2:KP,ISO country name follows UN designation (common name: North Korea)
KR,"Korea, Republic of",https://en.wikipedia.org/wiki/South_Korea,1974,.kr,https://en.wikipedia.org/wiki/.kr,ISO 3166-2:KR,/wiki/ISO_3166-2:KR,ISO country name follows UN designation (common name: South Korea)
KW,Kuwait,https://en.wikipedia.org/wiki/Kuwait,1974,.kw,https://en.wikipedia.org/wiki/.kw,ISO 3166-2:KW,/wiki/ISO_3166-2:KW,
KY,Cayman Islands,https://en.wikipedia.org/wiki/Cayman_Islands,1974,.ky,https://en.wikipedia.org/wiki/.ky,ISO 3166-2:KY,/wiki/ISO_3166-2:KY,
KZ,Kazakhstan,https://en.wikipedia.org/wiki/Kazakhstan,1992,.kz,https://en.wikipedia.org/wiki/.kz,ISO 3166-2:KZ,/wiki/ISO_3166-2:KZ,Previous ISO country name: Kazakstan
LA,Lao People's Democratic Republic,https://en.wikipedia.org/wiki/Laos,1974,.la,https://en.wikipedia.org/wiki/.la,ISO 3166-2:LA,/wiki/ISO_3166-2:LA,ISO country name follows UN designation (common name: Laos)
LB,Lebanon,https://en.wikipedia.org/wiki/Lebanon,1974,.lb,https://en.wikipedia.org/wiki/.lb,ISO 3166-2:LB,/wiki/ISO_3166-2:LB,
LC,Saint Lucia,https://en.wikipedia.org/wiki/Saint_Lucia,1974,.lc,https://en.wikipedia.org/wiki/.lc,ISO 3166-2:LC,/wiki/ISO_3166-2:LC,
LI,Liechtenstein,https://en.wikipedia.org/wiki/Liechtenstein,1974,.li,https://en.wikipedia.org/wiki/.li,ISO 3166-2:LI,/wiki/ISO_3166-2:LI,
LK,Sri Lanka,https://en.wikipedia.org/wiki/Sri_Lanka,1974,.lk,https://en.wikipedia.org/wiki/.lk,ISO 3166-2:LK,/wiki/ISO_3166-2:LK,
LR,Liberia,https://en.wikipedia.org/wiki/Liberia,1974,.lr,https://en.wikipedia.org/wiki/.lr,ISO 3166-2:LR,/wiki/ISO_3166-2:LR,
LS,Lesotho,https://en.wikipedia.org/wiki/Lesotho,1974,.ls,https://en.wikipedia.org/wiki/.ls,ISO 3166-2:LS,/wiki/ISO_3166-2:LS,
LT,Lithuania,https://en.wikipedia.org/wiki/Lithuania,1992,.lt,https://en.wikipedia.org/wiki/.lt,ISO 3166-2:LT,/wiki/ISO_3166-2:LT,
LU,Luxembourg,https://en.wikipedia.org/wiki/Luxembourg,1974,.lu,https://en.wikipedia.org/wiki/.lu,ISO 3166-2:LU,/wiki/ISO_3166-2:LU,
LV,Latvia,https://en.wikipedia.org/wiki/Latvia,1992,.lv,https://en.wikipedia.org/wiki/.lv,ISO 3166-2:LV,/wiki/ISO_3166-2:LV,
LY,Libya,https://en.wikipedia.org/wiki/Libya,1974,.ly,https://en.wikipedia.org/wiki/.ly,ISO 3166-2:LY,/wiki/ISO_3166-2:LY,Previous ISO country name: Libyan Arab Jamahiriya
MA,Morocco,https://en.wikipedia.org/wiki/Morocco,1974,.ma,https://en.wikipedia.org/wiki/.ma,ISO 3166-2:MA,/wiki/ISO_3166-2:MA,Code taken from name in French: Maroc
MC,Monaco,https://en.wikipedia.org/wiki/Monaco,1974,.mc,https://en.wikipedia.org/wiki/.mc,ISO 3166-2:MC,/wiki/ISO_3166-2:MC,
MD,"Moldova, Republic of",https://en.wikipedia.org/wiki/Moldova,1992,.md,https://en.wikipedia.org/wiki/.md,ISO 3166-2:MD,/wiki/ISO_3166-2:MD,ISO country name follows UN designation (common name and previous ISO country name: Moldova)
ME,Montenegro,https://en.wikipedia.org/wiki/Montenegro,2006,.me,https://en.wikipedia.org/wiki/.me,ISO 3166-2:ME,/wiki/ISO_3166-2:ME,
MF,Saint Martin (French part),https://en.wikipedia.org/wiki/Collectivity_of_Saint_Martin,2007,.mf,https://en.wikipedia.org/wiki/.mf,ISO 3166-2:MF,/wiki/ISO_3166-2:MF,The Dutch part of Saint Martin island is assigned code SX
MG,Madagascar,https://en.wikipedia.org/wiki/Madagascar,1974,.mg,https://en.wikipedia.org/wiki/.mg,ISO 3166-2:MG,/wiki/ISO_3166-2:MG,
MH,Marshall Islands,https://en.wikipedia.org/wiki/Marshall_Islands,1986,.mh,https://en.wikipedia.org/wiki/.mh,ISO 3166-2:MH,/wiki/ISO_3166-2:MH,
MK,"Macedonia, the former Yugoslav Republic of",https://en.wikipedia.org/wiki/Republic_of_Macedonia,1993,.mk,https://en.wikipedia.org/wiki/.mk,ISO 3166-2:MK,/wiki/ISO_3166-2:MK,ISO country name follows UN designation (due to Macedonia naming dispute; official name used by country itself: Republic of Macedonia) Code taken from name in Macedonian: Makedonija
ML,Mali,https://en.wikipedia.org/wiki/Mali,1974,.ml,https://en.wikipedia.org/wiki/.ml,ISO 3166-2:ML,/wiki/ISO_3166-2:ML,
MM,Myanmar,https://en.wikipedia.org/wiki/Myanmar,1989,.mm,https://en.wikipedia.org/wiki/.mm,ISO 3166-2:MM,/wiki/ISO_3166-2:MM,Name changed from Burma (BU)
MN,Mongolia,https://en.wikipedia.org/wiki/Mongolia,1974,.mn,https://en.wikipedia.org/wiki/.mn,ISO 3166-2:MN,/wiki/ISO_3166-2:MN,
MO,Macao,https://en.wikipedia.org/wiki/Macau,1974,.mo,https://en.wikipedia.org/wiki/.mo,ISO 3166-2:MO,/wiki/ISO_3166-2:MO,Previous ISO country name: Macau
MP,Northern Mariana Islands,https://en.wikipedia.org/wiki/Northern_Mariana_Islands,1986,.mp,https://en.wikipedia.org/wiki/.mp,ISO 3166-2:MP,/wiki/ISO_3166-2:MP,
MQ,Martinique,https://en.wikipedia.org/wiki/Martinique,1974,.mq,https://en.wikipedia.org/wiki/.mq,ISO 3166-2:MQ,/wiki/ISO_3166-2:MQ,
MR,Mauritania,https://en.wikipedia.org/wiki/Mauritania,1974,.mr,https://en.wikipedia.org/wiki/.mr,ISO 3166-2:MR,/wiki/ISO_3166-2:MR,
MS,Montserrat,https://en.wikipedia.org/wiki/Montserrat,1974,.ms,https://en.wikipedia.org/wiki/.ms,ISO 3166-2:MS,/wiki/ISO_3166-2:MS,
MT,Malta,https://en.wikipedia.org/wiki/Malta,1974,.mt,https://en.wikipedia.org/wiki/.mt,ISO 3166-2:MT,/wiki/ISO_3166-2:MT,
MU,Mauritius,https://en.wikipedia.org/wiki/Mauritius,1974,.mu,https://en.wikipedia.org/wiki/.mu,ISO 3166-2:MU,/wiki/ISO_3166-2:MU,
MV,Maldives,https://en.wikipedia.org/wiki/Maldives,1974,.mv,https://en.wikipedia.org/wiki/.mv,ISO 3166-2:MV,/wiki/ISO_3166-2:MV,
MW,Malawi,https://en.wikipedia.org/wiki/Malawi,1974,.mw,https://en.wikipedia.org/wiki/.mw,ISO 3166-2:MW,/wiki/ISO_3166-2:MW,
MX,Mexico,https://en.wikipedia.org/wiki/Mexico,1974,.mx,https://en.wikipedia.org/wiki/.mx,ISO 3166-2:MX,/wiki/ISO_3166-2:MX,
MY,Malaysia,https://en.wikipedia.org/wiki/Malaysia,1974,.my,https://en.wikipedia.org/wiki/.my,ISO 3166-2:MY,/wiki/ISO_3166-2:MY,
MZ,Mozambique,https://en.wikipedia.org/wiki/Mozambique,1974,.mz,https://en.wikipedia.org/wiki/.mz,ISO 3166-2:MZ,/wiki/ISO_3166-2:MZ,
NA,Namibia,https://en.wikipedia.org/wiki/Namibia,1974,.na,https://en.wikipedia.org/wiki/.na,ISO 3166-2:NA,/wiki/ISO_3166-2:NA,
NC,New Caledonia,https://en.wikipedia.org/wiki/New_Caledonia,1974,.nc,https://en.wikipedia.org/wiki/.nc,ISO 3166-2:NC,/wiki/ISO_3166-2:NC,
NE,Niger,https://en.wikipedia.org/wiki/Niger,1974,.ne,https://en.wikipedia.org/wiki/.ne,ISO 3166-2:NE,/wiki/ISO_3166-2:NE,
NF,Norfolk Island,https://en.wikipedia.org/wiki/Norfolk_Island,1974,.nf,https://en.wikipedia.org/wiki/.nf,ISO 3166-2:NF,/wiki/ISO_3166-2:NF,
NG,Nigeria,https://en.wikipedia.org/wiki/Nigeria,1974,.ng,https://en.wikipedia.org/wiki/.ng,ISO 3166-2:NG,/wiki/ISO_3166-2:NG,
NI,Nicaragua,https://en.wikipedia.org/wiki/Nicaragua,1974,.ni,https://en.wikipedia.org/wiki/.ni,ISO 3166-2:NI,/wiki/ISO_3166-2:NI,
NL,Netherlands,https://en.wikipedia.org/wiki/Kingdom_of_the_Netherlands,1974,.nl,https://en.wikipedia.org/wiki/.nl,ISO 3166-2:NL,/wiki/ISO_3166-2:NL,"Officially includes the islands Bonaire, Saint Eustatius and Saba, which also have code BQ in ISO 3166-1. Within ISO 3166-2, Aruba (AW), Curaçao (CW), and Sint Maarten (SX) are also coded as subdivisions of NL.&#91;18&#93;"
NO,Norway,https://en.wikipedia.org/wiki/Norway,1974,.no,https://en.wikipedia.org/wiki/.no,ISO 3166-2:NO,/wiki/ISO_3166-2:NO,
NP,Nepal,https://en.wikipedia.org/wiki/Nepal,1974,.np,https://en.wikipedia.org/wiki/.np,ISO 3166-2:NP,/wiki/ISO_3166-2:NP,
NR,Nauru,https://en.wikipedia.org/wiki/Nauru,1974,.nr,https://en.wikipedia.org/wiki/.nr,ISO 3166-2:NR,/wiki/ISO_3166-2:NR,
NU,Niue,https://en.wikipedia.org/wiki/Niue,1974,.nu,https://en.wikipedia.org/wiki/.nu,ISO 3166-2:NU,/wiki/ISO_3166-2:NU,
NZ,New Zealand,https://en.wikipedia.org/wiki/New_Zealand,1974,.nz,https://en.wikipedia.org/wiki/.nz,ISO 3166-2:NZ,/wiki/ISO_3166-2:NZ,
OM,Oman,https://en.wikipedia.org/wiki/Oman,1974,.om,https://en.wikipedia.org/wiki/.om,ISO 3166-2:OM,/wiki/ISO_3166-2:OM,
PA,Panama,https://en.wikipedia.org/wiki/Panama,1974,.pa,https://en.wikipedia.org/wiki/.pa,ISO 3166-2:PA,/wiki/ISO_3166-2:PA,
PE,Peru,https://en.wikipedia.org/wiki/Peru,1974,.pe,https://en.wikipedia.org/wiki/.pe,ISO 3166-2:PE,/wiki/ISO_3166-2:PE,
PF,French Polynesia,https://en.wikipedia.org/wiki/French_Polynesia,1974,.pf,https://en.wikipedia.org/wiki/.pf,ISO 3166-2:PF,/wiki/ISO_3166-2:PF,Code taken from name in French: Polynésie française
PG,Papua New Guinea,https://en.wikipedia.org/wiki/Papua_New_Guinea,1974,.pg,https://en.wikipedia.org/wiki/.pg,ISO 3166-2:PG,/wiki/ISO_3166-2:PG,
PH,Philippines,https://en.wikipedia.org/wiki/Philippines,1974,.ph,https://en.wikipedia.org/wiki/.ph,ISO 3166-2:PH,/wiki/ISO_3166-2:PH,
PK,Pakistan,https://en.wikipedia.org/wiki/Pakistan,1974,.pk,https://en.wikipedia.org/wiki/.pk,ISO 3166-2:PK,/wiki/ISO_3166-2:PK,
PL,Poland,https://en.wikipedia.org/wiki/Poland,1974,.pl,https://en.wikipedia.org/wiki/.pl,ISO 3166-2:PL,/wiki/ISO_3166-2:PL,
PM,Saint Pierre and Miquelon,https://en.wikipedia.org/wiki/Saint_Pierre_and_Miquelon,1974,.pm,https://en.wikipedia.org/wiki/.pm,ISO 3166-2:PM,/wiki/ISO_3166-2:PM,
PN,Pitcairn,https://en.wikipedia.org/wiki/Pitcairn_Islands,1974,.pn,https://en.wikipedia.org/wiki/.pn,ISO 3166-2:PN,/wiki/ISO_3166-2:PN,
PR,Puerto Rico,https://en.wikipedia.org/wiki/Puerto_Rico,1974,.pr,https://en.wikipedia.org/wiki/.pr,ISO 3166-2:PR,/wiki/ISO_3166-2:PR,
PS,"Palestine, State of",https://en.wikipedia.org/wiki/State_of_Palestine,1999,.ps,https://en.wikipedia.org/wiki/.ps,ISO 3166-2:PS,/wiki/ISO_3166-2:PS,"Previous ISO country name: Palestinian Territory, Occupied Consists of the West Bank and the Gaza Strip"
PT,Portugal,https://en.wikipedia.org/wiki/Portugal,1974,.pt,https://en.wikipedia.org/wiki/.pt,ISO 3166-2:PT,/wiki/ISO_3166-2:PT,
PW,Palau,https://en.wikipedia.org/wiki/Palau,1986,.pw,https://en.wikipedia.org/wiki/.pw,ISO 3166-2:PW,/wiki/ISO_3166-2:PW,
PY,Paraguay,https://en.wikipedia.org/wiki/Paraguay,1974,.py,https://en.wikipedia.org/wiki/.py,ISO 3166-2:PY,/wiki/ISO_3166-2:PY,
QA,Qatar,https://en.wikipedia.org/wiki/Qatar,1974,.qa,https://en.wikipedia.org/wiki/.qa,ISO 3166-2:QA,/wiki/ISO_3166-2:QA,
RE,Réunion,https://en.wikipedia.org/wiki/R%C3%A9union,1974,.re,https://en.wikipedia.org/wiki/.re,ISO 3166-2:RE,/wiki/ISO_3166-2:RE,
RO,Romania,https://en.wikipedia.org/wiki/Romania,1974,.ro,https://en.wikipedia.org/wiki/.ro,ISO 3166-2:RO,/wiki/ISO_3166-2:RO,
RS,Serbia,https://en.wikipedia.org/wiki/Serbia,2006,.rs,https://en.wikipedia.org/wiki/.rs,ISO 3166-2:RS,/wiki/ISO_3166-2:RS,
RU,Russian Federation,https://en.wikipedia.org/wiki/Russia,1992,.ru,https://en.wikipedia.org/wiki/.ru,ISO 3166-2:RU,/wiki/ISO_3166-2:RU,ISO country name follows UN designation (common name: Russia)
RW,Rwanda,https://en.wikipedia.org/wiki/Rwanda,1974,.rw,https://en.wikipedia.org/wiki/.rw,ISO 3166-2:RW,/wiki/ISO_3166-2:RW,
SA,Saudi Arabia,https://en.wikipedia.org/wiki/Saudi_Arabia,1974,.sa,https://en.wikipedia.org/wiki/.sa,ISO 3166-2:SA,/wiki/ISO_3166-2:SA,
SB,Solomon Islands,https://en.wikipedia.org/wiki/Solomon_Islands,1974,.sb,https://en.wikipedia.org/wiki/.sb,ISO 3166-2:SB,/wiki/ISO_3166-2:SB,Code taken from former name: British Solomon Islands
SC,Seychelles,https://en.wikipedia.org/wiki/Seychelles,1974,.sc,https://en.wikipedia.org/wiki/.sc,ISO 3166-2:SC,/wiki/ISO_3166-2:SC,
SD,Sudan,https://en.wikipedia.org/wiki/Sudan,1974,.sd,https://en.wikipedia.org/wiki/.sd,ISO 3166-2:SD,/wiki/ISO_3166-2:SD,
SE,Sweden,https://en.wikipedia.org/wiki/Sweden,1974,.se,https://en.wikipedia.org/wiki/.se,ISO 3166-2:SE,/wiki/ISO_3166-2:SE,
SG,Singapore,https://en.wikipedia.org/wiki/Singapore,1974,.sg,https://en.wikipedia.org/wiki/.sg,ISO 3166-2:SG,/wiki/ISO_3166-2:SG,
SH,"Saint Helena, Ascension and Tristan da Cunha","https://en.wikipedia.org/wiki/Saint_Helena,_Ascension_and_Tristan_da_Cunha",1974,.sh,https://en.wikipedia.org/wiki/.sh,ISO 3166-2:SH,/wiki/ISO_3166-2:SH,Previous ISO country name: Saint Helena
SI,Slovenia,https://en.wikipedia.org/wiki/Slovenia,1992,.si,https://en.wikipedia.org/wiki/.si,ISO 3166-2:SI,/wiki/ISO_3166-2:SI,
SJ,Svalbard and Jan Mayen,https://en.wikipedia.org/wiki/Svalbard_and_Jan_Mayen,1974,.sj,https://en.wikipedia.org/wiki/.sj,ISO 3166-2:SJ,/wiki/ISO_3166-2:SJ,Consists of two arctic territories of Norway: Svalbard and Jan Mayen
SK,Slovakia,https://en.wikipedia.org/wiki/Slovakia,1993,.sk,https://en.wikipedia.org/wiki/.sk,ISO 3166-2:SK,/wiki/ISO_3166-2:SK,SK previously represented Sikkim
SL,Sierra Leone,https://en.wikipedia.org/wiki/Sierra_Leone,1974,.sl,https://en.wikipedia.org/wiki/.sl,ISO 3166-2:SL,/wiki/ISO_3166-2:SL,
SM,San Marino,https://en.wikipedia.org/wiki/San_Marino,1974,.sm,https://en.wikipedia.org/wiki/.sm,ISO 3166-2:SM,/wiki/ISO_3166-2:SM,
SN,Senegal,https://en.wikipedia.org/wiki/Senegal,1974,.sn,https://en.wikipedia.org/wiki/.sn,ISO 3166-2:SN,/wiki/ISO_3166-2:SN,
SO,Somalia,https://en.wikipedia.org/wiki/Somalia,1974,.so,https://en.wikipedia.org/wiki/.so,ISO 3166-2:SO,/wiki/ISO_3166-2:SO,
SR,Suriname,https://en.wikipedia.org/wiki/Suriname,1974,.sr,https://en.wikipedia.org/wiki/.sr,ISO 3166-2:SR,/wiki/ISO_3166-2:SR,
SS,South Sudan,https://en.wikipedia.org/wiki/South_Sudan,2011,.ss,https://en.wikipedia.org/wiki/.ss,ISO 3166-2:SS,/wiki/ISO_3166-2:SS,
ST,Sao Tome and Principe,https://en.wikipedia.org/wiki/S%C3%A3o_Tom%C3%A9_and_Pr%C3%ADncipe,1974,.st,https://en.wikipedia.org/wiki/.st,ISO 3166-2:ST,/wiki/ISO_3166-2:ST,
SV,El Salvador,https://en.wikipedia.org/wiki/El_Salvador,1974,.sv,https://en.wikipedia.org/wiki/.sv,ISO 3166-2:SV,/wiki/ISO_3166-2:SV,
SX,Sint Maarten (Dutch part),https://en.wikipedia.org/wiki/Sint_Maarten,2010,.sx,https://en.wikipedia.org/wiki/.sx,ISO 3166-2:SX,/wiki/ISO_3166-2:SX,The French part of Saint Martin island is assigned code MF
SY,Syrian Arab Republic,https://en.wikipedia.org/wiki/Syria,1974,.sy,https://en.wikipedia.org/wiki/.sy,ISO 3166-2:SY,/wiki/ISO_3166-2:SY,ISO country name follows UN designation (common name: Syria)
SZ,Eswatini,https://en.wikipedia.org/wiki/Eswatini,1974,.sz,https://en.wikipedia.org/wiki/.sz,ISO 3166-2:SZ,/wiki/ISO_3166-2:SZ,Previous ISO country name: Swaziland
TC,Turks and Caicos Islands,https://en.wikipedia.org/wiki/Turks_and_Caicos_Islands,1974,.tc,https://en.wikipedia.org/wiki/.tc,ISO 3166-2:TC,/wiki/ISO_3166-2:TC,
TD,Chad,https://en.wikipedia.org/wiki/Chad,1974,.td,https://en.wikipedia.org/wiki/.td,ISO 3166-2:TD,/wiki/ISO_3166-2:TD,Code taken from name in French: Tchad
TF,French Southern Territories,https://en.wikipedia.org/wiki/French_Southern_and_Antarctic_Lands,1979,.tf,https://en.wikipedia.org/wiki/.tf,ISO 3166-2:TF,/wiki/ISO_3166-2:TF,Covers the French Southern and Antarctic Lands except Adélie Land Code taken from name in French: Terres australes françaises
TG,Togo,https://en.wikipedia.org/wiki/Togo,1974,.tg,https://en.wikipedia.org/wiki/.tg,ISO 3166-2:TG,/wiki/ISO_3166-2:TG,
TH,Thailand,https://en.wikipedia.org/wiki/Thailand,1974,.th,https://en.wikipedia.org/wiki/.th,ISO 3166-2:TH,/wiki/ISO_3166-2:TH,
TJ,Tajikistan,https://en.wikipedia.org/wiki/Tajikistan,1992,.tj,https://en.wikipedia.org/wiki/.tj,ISO 3166-2:TJ,/wiki/ISO_3166-2:TJ,
TK,Tokelau,https://en.wikipedia.org/wiki/Tokelau,1974,.tk,https://en.wikipedia.org/wiki/.tk,ISO 3166-2:TK,/wiki/ISO_3166-2:TK,
TL,Timor-Leste,https://en.wikipedia.org/wiki/East_Timor,2002,.tl,https://en.wikipedia.org/wiki/.tl,ISO 3166-2:TL,/wiki/ISO_3166-2:TL,Name changed from East Timor (TP)
TM,Turkmenistan,https://en.wikipedia.org/wiki/Turkmenistan,1992,.tm,https://en.wikipedia.org/wiki/.tm,ISO 3166-2:TM,/wiki/ISO_3166-2:TM,
TN,Tunisia,https://en.wikipedia.org/wiki/Tunisia,1974,.tn,https://en.wikipedia.org/wiki/.tn,ISO 3166-2:TN,/wiki/ISO_3166-2:TN,
TO,Tonga,https://en.wikipedia.org/wiki/Tonga,1974,.to,https://en.wikipedia.org/wiki/.to,ISO 3166-2:TO,/wiki/ISO_3166-2:TO,
TR,Turkey,https://en.wikipedia.org/wiki/Turkey,1974,.tr,https://en.wikipedia.org/wiki/.tr,ISO 3166-2:TR,/wiki/ISO_3166-2:TR,
TT,Trinidad and Tobago,https://en.wikipedia.org/wiki/Trinidad_and_Tobago,1974,.tt,https://en.wikipedia.org/wiki/.tt,ISO 3166-2:TT,/wiki/ISO_3166-2:TT,
TV,Tuvalu,https://en.wikipedia.org/wiki/Tuvalu,1977,.tv,https://en.wikipedia.org/wiki/.tv,ISO 3166-2:TV,/wiki/ISO_3166-2:TV,
TW,"Taiwan, Province of China",https://en.wikipedia.org/wiki/Taiwan,1974,.tw,https://en.wikipedia.org/wiki/.tw,ISO 3166-2:TW,/wiki/ISO_3166-2:TW,Covers the current jurisdiction of the Republic of China ISO country name follows UN designation (due to political status of Taiwan within the UN)&#91;17&#93; (common name: Taiwan)
TZ,"Tanzania, United Republic of",https://en.wikipedia.org/wiki/Tanzania,1974,.tz,https://en.wikipedia.org/wiki/.tz,ISO 3166-2:TZ,/wiki/ISO_3166-2:TZ,ISO country name follows UN designation (common name: Tanzania)
UA,Ukraine,https://en.wikipedia.org/wiki/Ukraine,1974,.ua,https://en.wikipedia.org/wiki/.ua,ISO 3166-2:UA,/wiki/ISO_3166-2:UA,Previous ISO country name: Ukrainian SSR Code assigned as the country was already a UN member since 1945&#91;14&#93;
UG,Uganda,https://en.wikipedia.org/wiki/Uganda,1974,.ug,https://en.wikipedia.org/wiki/.ug,ISO 3166-2:UG,/wiki/ISO_3166-2:UG,
UM,United States Minor Outlying Islands,https://en.wikipedia.org/wiki/United_States_Minor_Outlying_Islands,1986,,https://en.wikipedia.org,ISO 3166-2:UM,/wiki/ISO_3166-2:UM,"Consists of nine minor insular areas of the United States: Baker Island, Howland Island, Jarvis Island, Johnston Atoll, Kingman Reef, Midway Islands, Navassa Island, Palmyra Atoll, and Wake Island.um ccTLD was revoked in 2007&#91;19&#93;"
US,United States of America,https://en.wikipedia.org/wiki/United_States,1974,.us,https://en.wikipedia.org/wiki/.us,ISO 3166-2:US,/wiki/ISO_3166-2:US,
UY,Uruguay,https://en.wikipedia.org/wiki/Uruguay,1974,.uy,https://en.wikipedia.org/wiki/.uy,ISO 3166-2:UY,/wiki/ISO_3166-2:UY,
UZ,Uzbekistan,https://en.wikipedia.org/wiki/Uzbekistan,1992,.uz,https://en.wikipedia.org/wiki/.uz,ISO 3166-2:UZ,/wiki/ISO_3166-2:UZ,
VA,Holy See,https://en.wikipedia.org/wiki/Vatican_City,1974,.va,https://en.wikipedia.org/wiki/.va,ISO 3166-2:VA,/wiki/ISO_3166-2:VA,"Covers Vatican City, territory of the Holy See Previous ISO country name: Vatican City State (Holy See)"
VC,Saint Vincent and the Grenadines,https://en.wikipedia.org/wiki/Saint_Vincent_and_the_Grenadines,1974,.vc,https://en.wikipedia.org/wiki/.vc,ISO 3166-2:VC,/wiki/ISO_3166-2:VC,
VE,Venezuela (Bolivarian Republic of),https://en.wikipedia.org/wiki/Venezuela,1974,.ve,https://en.wikipedia.org/wiki/.ve,ISO 3166-2:VE,/wiki/ISO_3166-2:VE,ISO country name follows UN designation (common name and previous ISO country name: Venezuela)
VG,Virgin Islands (British),https://en.wikipedia.org/wiki/British_Virgin_Islands,1974,.vg,https://en.wikipedia.org/wiki/.vg,ISO 3166-2:VG,/wiki/ISO_3166-2:VG,
VI,Virgin Islands (U.S.),https://en.wikipedia.org/wiki/United_States_Virgin_Islands,1974,.vi,https://en.wikipedia.org/wiki/.vi,ISO 3166-2:VI,/wiki/ISO_3166-2:VI,
VN,Viet Nam,https://en.wikipedia.org/wiki/Vietnam,1974,.vn,https://en.wikipedia.org/wiki/.vn,ISO 3166-2:VN,/wiki/ISO_3166-2:VN,ISO country name follows UN designation (common name: Vietnam) Code used for Republic of Viet Nam (Common Name:South Vietnam) before 1977
VU,Vanuatu,https://en.wikipedia.org/wiki/Vanuatu,1980,.vu,https://en.wikipedia.org/wiki/.vu,ISO 3166-2:VU,/wiki/ISO_3166-2:VU,Name changed from New Hebrides (NH)
WF,Wallis and Futuna,https://en.wikipedia.org/wiki/Wallis_and_Futuna,1974,.wf,https://en.wikipedia.org/wiki/.wf,ISO 3166-2:WF,/wiki/ISO_3166-2:WF,
WS,Samoa,https://en.wikipedia.org/wiki/Samoa,1974,.ws,https://en.wikipedia.org/wiki/.ws,ISO 3166-2:WS,/wiki/ISO_3166-2:WS,Code taken from former name: Western Samoa
YE,Yemen,https://en.wikipedia.org/wiki/Yemen,1974,.ye,https://en.wikipedia.org/wiki/.ye,ISO 3166-2:YE,/wiki/ISO_3166-2:YE,"Previous ISO country name: Yemen, Republic of Code used for North Yemen before 1990"
YT,Mayotte,https://en.wikipedia.org/wiki/Mayotte,1993,.yt,https://en.wikipedia.org/wiki/.yt,ISO 3166-2:YT,/wiki/ISO_3166-2:YT,
ZA,South Africa,https://en.wikipedia.org/wiki/South_Africa,1974,.za,https://en.wikipedia.org/wiki/.za,ISO 3166-2:ZA,/wiki/ISO_3166-2:ZA,Code taken from name in Dutch: Zuid-Afrika
ZM,Zambia,https://en.wikipedia.org/wiki/Zambia,1974,.zm,https://en.wikipedia.org/wiki/.zm,ISO 3166-2:ZM,/wiki/ISO_3166-2:ZM,
ZW,Zimbabwe,https://en.wikipedia.org/wiki/Zimbabwe,1980,.zw,https://en.wikipedia.org/wiki/.zw,ISO 3166-2:ZW,/wiki/ISO_3166-2:ZW,Name changed from Southern Rhodesia (RH)
